Gene Name,3' C1 junction,5' A junction,3' A junction,5' C2 junction
ABI1,GTTCTGGATGATGTGGGCCATGGTGTCAAGGTAAGCATTTTATATTACATTAACAAGCTA,TTTTCCCCCCCTTTTTTTGCCAACGTAAAGTGGCTAAAAGCCAAGGTAAGAGCCATTACT,TTTGCCAACGTAAAGTGGCTAAAAGCCAAGGTAAGAGCCATTACTTATCATTTGATCCAC,AAAATAAAAGCATTTCTTTCTACATTTTAGCATGGAAATAACCAGCCTGCAAGAACTGGC
ANK2,ATACAGCTTGGAGGGAGGACGATCTGACAGGTATCTCATAAAACTTATAATTGATGTCAG,TTATTTCTTTATCTGAATTGCTTTCACTAGCACCATGCCCAGGTAGGTATTAACAGAGCA,CTGAATTGCTTTCACTAGCACCATGCCCAGGTAGGTATTAACAGAGCATGGAAACAAGCC,CTGCCAACCTACCAGCCTTCGATCCTTCAGTTCCGACAGGTCTCACACTCTGAGCCATGC
AGRN,GACGGCCCCCGTGTGTTGGGGGAGTCCCCGGTGAGTGCTCTGGGCCGCGAGGGGACTCCC,CTGCAACCCCACCCGCTCTTCGGAGGCCAGAAATCCCGCAAGGTACTGTCGGCCTCTCAT,CCGCTCTTCGGAGGCCAGAAATCCCGCAAGGTACTGTCGGCCTCTCATCCGCTCACCGTC,TGCACAGCCACTTACCTGGCGTCCCCGCAGGTTCCGCACACCGTCCTCAACCTGAAGGAG
AP1G1,AGCCCAGACATGCTTGCGCATTTCAGAAAGGTAGGTGCCATTCTGTATGCCTAAGCCTTT,TTGTCTGTTTGGAATCCTGCTGTATGTTAGAATGAAAAGGTAAGAATTAACCCTCTTTTA,TGGAATCCTGCTGTATGTTAGAATGAAAAGGTAAGAATTAACCCTCTTTTAGATGGTGCA,TGTTTTTTGATGCATCTTTCTTCTCTGCAGCTTGTGCCCCAATTAGTTCGTATTTTAAAG
ANK3,GGGCTTTAGTCTCGGAGCGCGTTCTGCCAGGTACTTCGTTGTTGCTGTCTTTCATAGTTA,TTTTTTTTTCCTAAAATTACTTTAAAATAGTCCCAAGATAAGGTAAGAAGACATGGCACT,AAAATTACTTTAAAATAGTCCCAAGATAAGGTAAGAAGACATGGCACTTTTATAGTGTTT,CTGTTGAATGGTTAACTGTAAATACAACAGCCTCCGCTCCTTCAGTTCGGATAGGTCTTA
AP1S2,GCAATTGAGCAGGCTGATCTACTGCAGGAGGTAAGCTACTTATTCTCTTCACTAGGCACT,TCTCCTTGCTTTGTGCTGTACCATGATTAGGATGCGAAAGTAAGTTTATTACTGGATGCC,TTTGTGCTGTACCATGATTAGGATGCGAAAGTAAGTTTATTACTGGATGCCAAAAATTTA,TTACCAGAGTCTCACATTTTCCCTCCACAGGAAGCTGAAACCCCACGTAGTGTTCTTGAA
APBB1,CGTGTGGGGCGTCGGGCGGGACAGTGGAAGGTGGGAATAGGGCTTGGGATTCGAGGGTGG,TATTTGCCTCTCTTGTGCTGCTGGACCCAGAGAGAGGTACTATGCCTATTTTCCCCCTCC,CCTCTCTTGTGCTGCTGGACCCAGAGAGAGGTACTATGCCTATTTTCCCCCTCCTACACC,GGAGACACTGAGGTGCCCCTTCCCCAACAGGGACTTTGCCTACGTAGCTCGTGATAAGCT
APBB2,GGCGAAGGAACGGCTCTCCTTTGTTTGCAGGTGCGTTCAGGGGGAACGGGGGTCGAGCCC,CTCTGTTCCCTCACGCCTTCCCGGATTCAGAGAGAGGTAACCGGCCGATTTTCACTTCTC,TCCCTCACGCCTTCCCGGATTCAGAGAGAGGTAACCGGCCGATTTTCACTTCTCCCCCCT,CTAATGGACTGATACATTTTGCTTGCACAGGGATTTTGCTTATGTAGCAAGAGATAAAGA
ASAP1,AAATCCTCTCTTCAACTGGATCAGAAAGAAGTAAGTGGTTTACATGTTTACAACAGGGCT,CTCTGTTTCTTTTGCCCTTCCTGATCGAAGTCTAGGAGAGTAAGTCAATACTTTTTATGA,TTTTGCCCTTCCTGATCGAAGTCTAGGAGAGTAAGTCAATACTTTTTATGAGAATATATT,TTTGTTTAATCTGTAGTTTTTCTTTCCTAGGATTCTCAGAGCCGGCAAGGAGGATACAGC
ASAP2,AAATCCGCATTGCAGGTTGAACAGAAAGAGGTGAGGGGATTTAATTTTGAAAGATTGCAG,CCCAAATGCGTTTACCTTTTGTGACCGAAGTCTAGGAGAGTAAGTAGTTCAGTATTTTAA,GTTTACCTTTTGTGACCGAAGTCTAGGAGAGTAAGTAGTTCAGTATTTTAATAAATTGCA,ATTAAAAACACACTCTTCACCATTTTTTAGGACTCCCAAATTCGTCAGAGCACAGCTTAT
ATL1,GACCAGGTGGCTGCAGCTCTGTGGGACCAGGTAAGAACACCTTTAATTCACAACTAAATT,TTTTTTCTTTTTAATCTGCCTTTGCCACAGGGAAGTACAAATGAGGTAAGTTAAATTTTT,CTGCCTTTGCCACAGGGAAGTACAAATGAGGTAAGTTAAATTTTTTAAAATTCAGAGCTA,TGTTTTATAATTTTGATGCTTTTATTCTAGGCTTTGTACAAGCTTTACAGTGCAGCAGCA
ATL2,GATCAGATTGCTGAAACACTATGGGAACAGGTTGGTATCTATCTTTTGGTTTTTTAGTGA,TCTTTGCATTTCTCTTTTCTTTTGCTTCAGAGGAGTCCCAGGAAGGTGAGAAACCTACAG,TTTCTTTTGCTTCAGAGGAGTCCCAGGAAGGTGAGAAACCTACAGTCTCAAATTCTTGTA,ATTCTCCTAACAAATCACTTCATGTTTTAGGTGTTTTCCAAACTGTTTGAAGTTACTAGA
CHCHD3,GAGGAGGAACGCGCTAAGGCAAAGCACCTGGTGAGTATTAAAAATGTAGGAGAAATTTTC,ACTGTTTATTTTATTTTTAACATGCTGCAGGATATTGAAGACAAAGTAAGTAGCAAAACA,TTTAACATGCTGCAGGATATTGAAGACAAAGTAAGTAGCAAAACAATAACCTATAAATGT,ATATAGTATATTCCTCATTTCTTTTTTTAGGCTAGGCAGCTGGAAGAGAAAGACCGAGTG
CLIP1,GACGAGGATGAAAGAGCCCAGGAGAGTCAGGTAATGTTCCTGCCTTATTGCTTTACTTTC,TGCTGCTGACAACACTTTTCTTCCAATCAGCAAATGGTTCGTTTCATGTTTCCTAATTTG,TGACAACACTTTTCTTCCAATCAGCAAATGGTTCGTTTCATGTTTCCTAATTTGCGTGCA,ATTTTACACATTTTTTTTTTAACAAATCAGATTGATTTCCTAAATTCAGTAATAGTGGAC
CYTH2,CGGACCGGGAGGGCTGGCTCCTGAAGCTGGGTACGTGCCCTCCCGACCCCGCTGGTCCCT,TCCTGCCTGCTTTCTCGCTGTCTGCCCCAGGAGGTAGGTACACGACCTGTCTTTGTCTCC,TGCCTGCTTTCTCGCTGTCTGCCCCAGGAGGTAGGTACACGACCTGTCTTTGTCTCCCAT,CCAGGCCCCCTCCCACCCCTTCCCTTTCAGGGGGCCGGGTGAAGACGTGGAAGCGGCGCT
DCTN2,CCTGAGGATGATCAAGCGGAGTTCGATGCGGTAAGAATGTGTGCTGCCACAGACTCCTCC,TCCCTCCTCACCACCTTGCCTGGACACTAGTTTGCACAAGTAAGACCATTCAATGCTTCT,ACCACCTTGCCTGGACACTAGTTTGCACAAGTAAGACCATTCAATGCTTCTTCTCTGCAT,TGATTTTCTCACCTCTGGGGAAACCACAAGGAGCTGGTAAGAAGCCTGACCTTTCATCTG
DNM1,ATGAACAAGAAGAAGACTTCAGGGAACCAGGTGAGTGGGGCCCAGCACCCCAGCCCGAGG,CTCGTGGTTGCTATGGTTACCTCTTTGCAGGATGAGATTCTGGTGAGTACCAGGACTGGG,ATGGTTACCTCTTTGCAGGATGAGATTCTGGTGAGTACCAGGACTGGGGCTCTCGGCTTG,CCACTGACCTCCTGCCCCATCACCCTCCAGGTCATCCGCAAGGGCTGGCTGACTATCAAT
DOCK7,CAAGAAGCATTCAGCAAAATTGTTCATCAGGTAATGATTCCAATTTCTAGCTTCACTATA,ACTTGCCCTTTTTTACTTTTTATTATACAGAGTACTGGCTGGGAGGTAGGTAATGTTTTA,CTTTTTATTATACAGAGTACTGGCTGGGAGGTAGGTAATGTTTTAGTTAGTTAAAGACAC,TCTCCATTTTCCTAAACCTAGGATGGTAAGCGGATGTTTGGCACCTATTTTCGTGTTGGT
DOCK9,AAGGAGCTTTCTGAAATCATGCATGAGCAGGTGAGGGCCGCACTGGCTCCAACAACTTGG,TTTTTTTCTCCTCCATGCTAACACGTTCAGCTGGGATGGTAATGTCATTTTTAAACATTA,TCCTCCATGCTAACACGTTCAGCTGGGATGGTAATGTCATTTTTAAACATTATTTTTCTG,CCTCAGTAACGTTGTGTTTCTGTCCTCAAGATCTGCCCCCTGGAGGAGAAGACGAGCGTC
DTNA,TGAGAAGCCACTCAACTTGGCTCACATCGTGTGAGTATCCCTACCCTCCCAGTATAGAGA,CTATTCTGTTCAATTCTTCGCTGCCAAAAGTGATACTTGGTAAGTAGTGCAGTCATTTCC,TCAATTCTTCGCTGCCAAAAGTGATACTTGGTAAGTAGTGCAGTCATTTCCAGTCTACTT,ACTTTCCATTCACCCTGTGTTTTGTTTTAGGCCTCCCAGACCTGTAACCAGCATGAACGA
EMC1,CAGTTTGCTATAACCAGAAGGGTTTGCATATGTTTTAGAGAAGTAGTGATTCATGATCCT,AAACTGACAGCTGACCTGACTGTTTCAAGAGGCGATTTCAGTTAGAGGTAGCAGTAGTTA,GCTGACCTGACTGTTTCAAGAGGCGATTTCAGTTAGAGGTAGCAGTAGTTATAAAAGCGC,AAAGAAAAACCAAAGTAACACTAATTACAAAAGTAAATTTTAAAATAATTTGAAAATATA
ENAH,CCTTAGAAGTGTTAAATTCACAGGAAACAGGTAAGGTGCCCATGGTTTATTTGTATTTTC,CTCTCTCTCTCTCCTGTTTTTCATTTCCAGTGTTCTATTTAGGTGAGTTTTTGAATTCTG,CCTGTTTTTCATTTCCAGTGTTCTATTTAGGTGAGTTTTTGAATTCTGATTTTTCATTTA,GTTCATCTGTAATGTTTTCTCCCTCTGTAGGGCCAACATTGCCTAGACAAAACTCACAAC
ERC1,CAAAGATAAGAAGATAGCTGAGTTGGAAAGGTAAGAAAGTGAAGCTGATTGGGGCTTATG,TTTTCTTCCTGGATTTCCTGTTTCCTTCAGTCTCACCTCAAGGTCAGTATGCTTGCACTA,ATTTCCTGTTTCCTTCAGTCTCACCTCAAGGTCAGTATGCTTGCACTAAAACAAAGATGA,AAAGCTTGATTTTTCTCCTTCTGTCATTAGGCAAGTGAAAGACCAGAATAAGAAGGTAGC
ERGIC3,GGAAGAGCTTCCAGCAGTCCCATGTGCACGGTGAGTGATCTGCACTAGCTGGGGAGATTT,CTTCTCTCTCCTCCCTCCCCCATGCTGCAGTACATGCTGTGGAGAGTAAGTGGCCCTGCC,TCCCCCATGCTGCAGTACATGCTGTGGAGAGTAAGTGGCCCTGCCCCCATGGAGGCCAAA,TTCTCCCTTGCCTTCTCCCTTCTCTCCTAGTCCATGACTTGCAGAGCTTTGGCCTTGACA
FNBP1,ATCCACTGCTTCAGGAGCCTAAAGCGTGGGGTAAGTTCTGCTCCGGAATCCTGTCTCTCT,TTCCCATACCTCTCCAATTTTTACATGAAGCTTTCTCTCAAGCTGGTAAGCACAATTGTT,AATTTTTACATGAAGCTTTCTCTCAAGCTGGTAAGCACAATTGTTCCATGCATGTCCTGA,CTGGTTTCTCATTTATATTTGTGTCTGCAGGGTGCAACACCGGAGGATTTCAGCAACCTC
FNBP1L,ATTCCTTCTTTCAGAAGCCTCAAAAGAGGGGTAAGTTTAATAATGGGTTAAAATGCATGA,TTTCTTTCTGTTTTCCATTGAACTATTCAGTGGTCGGTGAAGATGGTAAGCCTTATGTGC,CATTGAACTATTCAGTGGTCGGTGAAGATGGTAAGCCTTATGTGCTGATCTATATACTGT,CTATTATAATGATTTAGATTCTCTTTTCAGGGCCCAGCACTAGAAGATTTCAGTCATCTG
FRY,TTCCTAGATGTGGAGCTGGAGGATGGAGAGGTACGGTGTATTCTCTGTAAAAATAATCCC,GTTTTTCTGCTCATTCAATCTGCTACCCAGGAACTTCAGGTAAGATGATGCTGTTTTTAA,CTCATTCAATCTGCTACCCAGGAACTTCAGGTAAGATGATGCTGTTTTTAATTCAAATAT,ATAAAAAACCGGCTGATGGTGTGATTTCAGGGTGAGAGTATGGACAATTTCAACTGGGGA
FRYL,TTTTTAGATGTTGAATTGGAAGATGCAGAGGTAAGGATGTGGGCTTTCTCTGTTAATATT,ATTCTGTGTGTTTTCCTTTTTGCTAACCAGGAGCTGCAGGTAAGTTGCAGCCTGGTGTTA,GTTTTCCTTTTTGCTAACCAGGAGCTGCAGGTAAGTTGCAGCCTGGTGTTATGGATTGTT,GGTTTTAGAAATCGTGTCTTGCTTTTCCAGGGTGAAAGTATGGACAATTTCAACTGGGGA
GDPD5,CCTCATCGTGGGCATCTTCGTGCTCCAGAAGTGAGTAGGATCTGACCACTTCCGTGGCTG,CTCTCTCTGCTGCACTCTGGCATCTCACAGCTATCACTTGATCAGGTAATTCTGGTGTGG,TCTGGCATCTCACAGCTATCACTTGATCAGGTAATTCTGGTGTGGTCTTCCTCCTCCTTC,GACCTGATGCCCACGGGGCCATCTCTGCAGGTGGCGCCTGGGTGGCATACGGAGCTACAA
GRAMD1A,CCCCAGTGCCCTGGTTCTCATCAGCATTGTGTGAGTAAGAGACAGGAGCAGTGGCCACAC,CTCTGTCTCCCCTCACTGCTGCTGCTGCAGGATCTGTGTGAGGTAGGGTCCCGAGTCCTC,TCACTGCTGCTGCTGCAGGATCTGTGTGAGGTAGGGTCCCGAGTCCTCCCCCTGCCCTCC,GGAATCCTGACCTCTGACCCCTGTCCCCAGCCTTATCATCCTCATCGCCCTCAACGTCCT
GULP1,GATATTCAATCAAAATTAGATGAGATGCAGGTGACTATTTTGATAGACTGGCCCATAAAT,TAAATTCTTTACTGCTTTCATGGTGGGTAGCGCCAGAGATGGTTGGTATATTATTTTTAT,CTGCTTTCATGGTGGGTAGCGCCAGAGATGGTTGGTATATTATTTTTATAATAATTTTAA,AGATATTAATTATTTTATTCTGTTTTACAGGAGGGGTTCAAAATGGGACTAACTCTTGAA
HOOK3,TTACAGGATCAAGGCTCAAAAGCAGAAGATGTAAGTTTTAATATGTACCAACGATGGTCC,CTCTGTCTCTTGGCATGGTTTCTGCTCAAGGCTATTGTAAGTATGGCTTCCTTTTCATTT,CTCTTGGCATGGTTTCTGCTCAAGGCTATTGTAAGTATGGCTTCCTTTTCATTTTTATAT,TAATAAACTAATTTTGTTTTTCATTTTTAGTCAGTCCTTCTAAAAAAGAAGCTTGAAGAA
ITSN1,ATCACTATCCAGCCAGGAGACATAGTCATGGTAAGAAAGACTCCAGTGAGAGGGTCATTT,TGCTTTCAAACCTTTGCTTTCCTGGTGGAGGTTAAAGGGGAATGGGTAAGTGTTGCCTAA,GCTTTCCTGGTGGAGGTTAAAGGGGAATGGGTAAGTGTTGCCTAACTGTCAGGAAGTCTG,TTCTACTTAAAGCTGTGACTTTTTCCACAGGTGGATGAAAGCCAAACTGGAGAACCCGGC
MACF1,CTGGATGAAGCCGTGTCCCAGTCCACACAGGTATGTGTGTGTCTGACACTCATAACCTTG,TTGTTGTGTTGACCGCGCCCACCATTACAGATTACAGAGGTAAGGTACCCATCCCCATTG,TGACCGCGCCCACCATTACAGATTACAGAGGTAAGGTACCCATCCCCATTGGGACTAGGG,TGTGATGGTAATGTTCCAACATTTGTTTAGTTTCATGATAAAATTGAGCCTATGTTGGAG
MADD,GGGATCAACCTCAAATTCATGCACAATCAGGTAGGTGCGAGCGGCAGCACGAGGCTCCCT,TTTCTCTCCCATGCTTTCTCCTCCGGCCAGGAGCGGAAGGTACATGCCCTTTCTGCTATC,CATGCTTTCTCCTCCGGCCAGGAGCGGAAGGTACATGCCCTTTCTGCTATCTTCGCTTCT,CTTACCCCGGCCTCCCTCCCTCTCTTGCAGGTTTTCATAGAGCTGAATCACATTAAAAAG
MON2,TGGAGACCTCTGACTGGCCATCTACTTGAGGTAAATTCTCTTTCTTAAATATATTTAATT,TCTCTATTGCTTGCTCTTGCCCTTATTCAGAAGGTAAGCTAACTTACATTTTGGGTGTAA,CTATTGCTTGCTCTTGCCCTTATTCAGAAGGTAAGCTAACTTACATTTTGGGTGTAATTT,CAAATTAAACTTAATTTTATATACCTTCAGGTCTGCCAGCATCCAAACTCTCGAATGAGA
MYO18A,ACCACCTGGGGGCTGCGGGAGCCACCAAAGGTAACCTGCAGTGGGTCCCAGTAGGCTGGC,CATGCTGCATGCTGGTCCTTTGCCTTACAGAAGCTGCTGAAGGTAAAACCTTGTTTCTTG,TGGTCCTTTGCCTTACAGAAGCTGCTGAAGGTAAAACCTTGTTTCTTGTTAGCTTTCCCT,GGATGCCAGATCCCTTTTTCCACTCCACAGCTGGGCGCAAGCAGTTTGCCCGCCATGAGT
PTK2,CCTGCTGACAGCTACAACGAGGGTGTCAAGGTGGGCATCTGAGCCTGTGCAGCACCTTCT,AACTTTTCCTCACCTTCCGTTCGACAATAGCCATGGAGGGTAAGCACATCGTGTCTTTGT,TCACCTTCCGTTCGACAATAGCCATGGAGGGTAAGCACATCGTGTCTTTGTGTGTCTGTC,CAGAAAAATGACTGGCTTCTGTGTTGTCAGCTTCAGCCCCAGGAAATCAGCCCCCCTCCT
SLC43A2,AGTTCCTGGTCAGCGGCGACCAGAAGACAGGTAGGTGCCCCGGGCAGCCTCGGTCGCTGT,TGCTTTTTCACTTTTGCTTTCTTGATGCAGTGATGGCCACGGGTAAGCGGGGGGTGGGGG,TTTGCTTTCTTGATGCAGTGATGGCCACGGGTAAGCGGGGGGTGGGGGGGATTGTCAGGG,GTCCCCATGACGCAGCGCCTTCCTCCACAGTTGGCCTCTACACCTCCATCTTCGGCGTGC
SPAG9,GAGATGTGGATGAAGGAGCAGATTTACTAGGTATGATAGCTCATCTGAAGAAATATCATA,ATTCATTTTTCTCTTGGGCTGCTTACGTAGGGGAATATTCTGGTGTGTATGATTTTGAAT,CTTGGGCTGCTTACGTAGGGGAATATTCTGGTGTGTATGATTTTGAATATTTTAATATTA,TTGCTTTACATGGAATGCATGGGCTTTAAGACCATAATTTCTTTGGTAAGGTTTCATCTG
SPTAN1,GAGTCGTACAAGGATCCCACCAACATCCAGGTAAGCTGAAGTGACTGGGTGTTGGTCTTG,AACTCTTGTTCTTTTAATCTGTTTTTGTAGCTTTCCAAGCTGCTGGTAAGTTTTTAATTT,AATCTGTTTTTGTAGCTTTCCAAGCTGCTGGTAAGTTTTTAATTTTTTTAAGAGTTGTAG,GTTTGGAAAAAATTTTTTTGGTATTTTTAGAGCAAGCACCAGAAGCACCAGGCTTTTGAA
SSR1,GGATTCCTCAGGAAACATTGAATCAAATCAGTAAGTAGTCTTACAGACTTGGCTGGGAAG,TTCCTGTCTCTTTTCTTTCTGTTGCTTCAGTGCAGAGTAGAAGAGGTGAGGCATTTAATT,TTTCTGTTGCTTCAGTGCAGAGTAGAAGAGGTGAGGCATTTAATTTTTTTAATGGTTTTT,GCAAGCTTAAAACTTTCTCTTTTCTTCCAGATAAAGCTTCACCAAGAAGGTTGCCCAGGA
VDAC3,GACCTGAAAACCAAGTCTTGTAGTGGAGTGGTGAGTATCTAATATATTTTTAATGAATGT,TGCTGCTGTTGTGTGGTAATATTCATTCAGATGGTAAGAAAAAAAAGCTTATTCGTATGC,TGCTGTTGTGTGGTAATATTCATTCAGATGGTAAGAAAAAAAAGCTTATTCGTATGCTTG,TTAAAGTAATTATTTTTTCTTGCTTACCAGGAATTTTCTACTTCTGGTCATGCTTACACT
VPS29,GGTGACTGAGCGGAGCCCGGTGACAGGATGGTGAGGGCTGCAGTTGCGGCGACCAAGGCC,GTCTGCAATCAACTTCTTCATTCCACTAAGGCTGGGCACAGAGTAAGTTTCTTCACTTAG,CTTCTTCATTCCACTAAGGCTGGGCACAGAGTAAGTTTCTTCACTTAGCTCCTACTAACA,TATGCTTTATCTCACCTTGACACTTTAAAGTTGGTGTTGGTATTAGGAGATCTGCACATC
